aw_deep_link,product_name,aw_product_id,merchant_product_id,merchant_image_url,description,merchant_category,search_price,merchant_name,merchant_id,category_name,category_id,aw_image_url,currency,store_price,delivery_cost,merchant_deep_link,language,last_updated,display_price,data_feed_id,brand_name,brand_id,product_type,merchant_product_category_path,merchant_product_third_category,merchant_product_second_category,specifications,rrp_price,base_price,base_price_amount,merchant_thumb_url,large_image,alternate_image,aw_thumb_url,alternate_image_two,alternate_image_three,alternate_image_four,custom_1,custom_2,custom_3,custom_4,custom_5,custom_6,custom_7,custom_8,custom_9,Fashion:suitable_for,Fashion:category
https://www.awin1.com/pclick.php?p=25076813477&a=512981&m=2319,"Womens Plus Cocoon Oversized Rib Knit Cardigan - Black - 22, Black",25076813477,PZZ78684-105-350,https://syte-static-feed.s3.amazonaws.com/qa_bixby_gb_20200408_awin_boohoo/25076813477.jpg,"Womens Plus Cocoon Oversized Rib Knit Cardigan - black - 22 - boohoo Plus You&rsquo;ll find full on fashion for the fuller figure with the boohoo Plus range. Delivering directional designs for UK sizes 16 to 24, this ultra-flattering collection combines perfectly proportioned fits with statement styles so that you can stay on top of this season&rsquo;s trends.",Women's Tops,28.0,boohoo.com UK & IE,2319,Women's Tops,204,https://images2.productserve.com/?w=200&h=200&bg=white&trim=5&t=letterbox&url=i1.adis.ws%2Fi%2Fboohooamplience%2Fpzz78684_black_xl.jpg%24&feedId=2319&k=0fb8a517c82c0be8aa30b070c1e64e3564c48e4e,GBP,0,3.99,https://www.boohoo.com/plus-cocoon-oversized-rib-knit-cardigan/PZZ78684-105-350.html,en,,0,2319,boohoo,0,,,,,,0,0,,,,,https://images2.productserve.com/?w=70&h=70&bg=white&trim=5&t=letterbox&url=i1.adis.ws%2Fi%2Fboohooamplience%2Fpzz78684_black_xl.jpg%24&feedId=2319&k=0fb8a517c82c0be8aa30b070c1e64e3564c48e4e,,,,female,,,,Clothing > Knitwear > Cardigans,,,,,,
https://www.awin1.com/pclick.php?p=25076813479&a=512981&m=2319,"Womens Plus Cocoon Oversized Rib Knit Cardigan - Beige - 16, Beige",25076813479,PZZ78684-111-24,https://syte-static-feed.s3.amazonaws.com/qa_bixby_gb_20200408_awin_boohoo/25076813479.jpg,"Womens Plus Cocoon Oversized Rib Knit Cardigan - beige - 16 - boohoo Plus You&rsquo;ll find full on fashion for the fuller figure with the boohoo Plus range. Delivering directional designs for UK sizes 16 to 24, this ultra-flattering collection combines perfectly proportioned fits with statement styles so that you can stay on top of this season&rsquo;s trends.",Women's Tops,28.0,boohoo.com UK & IE,2319,Women's Tops,204,https://images2.productserve.com/?w=200&h=200&bg=white&trim=5&t=letterbox&url=i1.adis.ws%2Fi%2Fboohooamplience%2Fpzz78684_camel_xl.jpg%24&feedId=2319&k=4d4674d74d578e7243f9c7d25e51ecd93927f49f,GBP,0,3.99,https://www.boohoo.com/plus-cocoon-oversized-rib-knit-cardigan/PZZ78684-111-24.html,en,,0,2319,boohoo,0,,,,,,0,0,,,,,https://images2.productserve.com/?w=70&h=70&bg=white&trim=5&t=letterbox&url=i1.adis.ws%2Fi%2Fboohooamplience%2Fpzz78684_camel_xl.jpg%24&feedId=2319&k=4d4674d74d578e7243f9c7d25e51ecd93927f49f,,,,female,,,,Clothing > Knitwear > Cardigans,,,,,,
https://www.awin1.com/pclick.php?p=26547854567&a=512981&m=2319,"Womens Plus Cocoon Oversized Rib Knit Cardigan - Grey - 22, Grey",26547854567,PZZ78684-131-350,https://syte-static-feed.s3.amazonaws.com/qa_bixby_gb_20200408_awin_boohoo/26547854567.jpg,"Womens Plus Cocoon Oversized Rib Knit Cardigan - grey - 22 - boohoo Plus You&rsquo;ll find full on fashion for the fuller figure with the boohoo Plus range. Delivering directional designs for UK sizes 16 to 24, this ultra-flattering collection combines perfectly proportioned fits with statement styles so that you can stay on top of this season&rsquo;s trends.",Women's Tops,28.0,boohoo.com UK & IE,2319,Women's Tops,204,https://images2.productserve.com/?w=200&h=200&bg=white&trim=5&t=letterbox&url=i1.adis.ws%2Fi%2Fboohooamplience%2Fpzz78684_grey_xl.jpg%24&feedId=2319&k=c763ff0a631d9885f22b30668bbc6a0e76f0a729,GBP,0,3.99,https://www.boohoo.com/plus-cocoon-oversized-rib-knit-cardigan/PZZ78684-131-350.html,en,,0,2319,boohoo,0,,,,,,0,0,,,,,https://images2.productserve.com/?w=70&h=70&bg=white&trim=5&t=letterbox&url=i1.adis.ws%2Fi%2Fboohooamplience%2Fpzz78684_grey_xl.jpg%24&feedId=2319&k=c763ff0a631d9885f22b30668bbc6a0e76f0a729,,,,female,,,,Clothing > Knitwear > Cardigans,,,,,,
https://www.awin1.com/pclick.php?p=26411671085&a=512981&m=2319,"Womens Plus Cocoon Oversized Rib Knit Cardigan - Green - 16, Green",26411671085,PZZ78684-135-24,https://syte-static-feed.s3.amazonaws.com/qa_bixby_gb_20200408_awin_boohoo/26411671085.jpg,"Womens Plus Cocoon Oversized Rib Knit Cardigan - green - 16 - boohoo Plus You&rsquo;ll find full on fashion for the fuller figure with the boohoo Plus range. Delivering directional designs for UK sizes 16 to 24, this ultra-flattering collection combines perfectly proportioned fits with statement styles so that you can stay on top of this season&rsquo;s trends.",Women's Tops,28.0,boohoo.com UK & IE,2319,Women's Tops,204,https://images2.productserve.com/?w=200&h=200&bg=white&trim=5&t=letterbox&url=i1.adis.ws%2Fi%2Fboohooamplience%2Fpzz78684_khaki_xl.jpg%24&feedId=2319&k=b69673afd5897a346aaef131ab1ad013d4fd8d39,GBP,0,3.99,https://www.boohoo.com/plus-cocoon-oversized-rib-knit-cardigan/PZZ78684-135-24.html,en,,0,2319,boohoo,0,,,,,,0,0,,,,,https://images2.productserve.com/?w=70&h=70&bg=white&trim=5&t=letterbox&url=i1.adis.ws%2Fi%2Fboohooamplience%2Fpzz78684_khaki_xl.jpg%24&feedId=2319&k=b69673afd5897a346aaef131ab1ad013d4fd8d39,,,,female,,,,Clothing > Knitwear > Cardigans,,,,,,
https://www.awin1.com/pclick.php?p=26516289713&a=512981&m=2319,"Womens Cable Knit Cardigan - Black - S/M, Black",26516289713,AZZ61102-105-31,https://syte-static-feed.s3.amazonaws.com/qa_bixby_gb_20200408_awin_boohoo/26516289713.jpg,"Womens Cable Knit Cardigan - black - S/M - Cold evenings call for major downtime cosiness and this cable-knit cardigan is a great place to start. Styled in a long length with button fastenings and long sleeves, this cable cardigan will soon become your off-duty fave. For seriously cute vibes, style this cable-knit cardi with a slogan tee, denim shorts and ankle boots. Amaze.",Women's Tops,22.0,boohoo.com UK & IE,2319,Women's Tops,204,https://images2.productserve.com/?w=200&h=200&bg=white&trim=5&t=letterbox&url=i1.adis.ws%2Fi%2Fboohooamplience%2Fazz61102_black_xl.jpg%24&feedId=2319&k=57e512653d3b8a84b54f5f3cd93f0eb6ff074823,GBP,0,3.99,https://www.boohoo.com/cable-knit-cardigan/AZZ61102-105-31.html,en,,0,2319,boohoo,0,,,,,,0,0,,,,,https://images2.productserve.com/?w=70&h=70&bg=white&trim=5&t=letterbox&url=i1.adis.ws%2Fi%2Fboohooamplience%2Fazz61102_black_xl.jpg%24&feedId=2319&k=57e512653d3b8a84b54f5f3cd93f0eb6ff074823,,,,female,,,,Clothing > Knitwear > Boyfriend Cardigans,,,,,,
https://www.awin1.com/pclick.php?p=26516289715&a=512981&m=2319,"Womens Cable Knit Cardigan - Grey - M/L, Grey",26516289715,AZZ61102-115-33,https://syte-static-feed.s3.amazonaws.com/qa_bixby_gb_20200408_awin_boohoo/26516289715.jpg,"Womens Cable Knit Cardigan - grey - M/L - Cold evenings call for major downtime cosiness and this cable-knit cardigan is a great place to start. Styled in a long length with button fastenings and long sleeves, this cable cardigan will soon become your off-duty fave. For seriously cute vibes, style this cable-knit cardi with a slogan tee, denim shorts and ankle boots. Amaze.",Women's Tops,22.0,boohoo.com UK & IE,2319,Women's Tops,204,https://images2.productserve.com/?w=200&h=200&bg=white&trim=5&t=letterbox&url=i1.adis.ws%2Fi%2Fboohooamplience%2Fazz61102_charcoal_xl.jpg%24&feedId=2319&k=0c946c9297649fd9c794150840cd843a940993d5,GBP,0,3.99,https://www.boohoo.com/cable-knit-cardigan/AZZ61102-115-33.html,en,,0,2319,boohoo,0,,,,,,0,0,,,,,https://images2.productserve.com/?w=70&h=70&bg=white&trim=5&t=letterbox&url=i1.adis.ws%2Fi%2Fboohooamplience%2Fazz61102_charcoal_xl.jpg%24&feedId=2319&k=0c946c9297649fd9c794150840cd843a940993d5,,,,female,,,,Clothing > Knitwear > Boyfriend Cardigans,,,,,,
https://www.awin1.com/pclick.php?p=26516289717&a=512981&m=2319,"Womens Cable Knit Cardigan - White - M/L, White",26516289717,AZZ61102-123-33,https://syte-static-feed.s3.amazonaws.com/qa_bixby_gb_20200408_awin_boohoo/26516289717.jpg,"Womens Cable Knit Cardigan - white - M/L - Cold evenings call for major downtime cosiness and this cable-knit cardigan is a great place to start. Styled in a long length with button fastenings and long sleeves, this cable cardigan will soon become your off-duty fave. For seriously cute vibes, style this cable-knit cardi with a slogan tee, denim shorts and ankle boots. Amaze.",Women's Tops,22.0,boohoo.com UK & IE,2319,Women's Tops,204,https://images2.productserve.com/?w=200&h=200&bg=white&trim=5&t=letterbox&url=i1.adis.ws%2Fi%2Fboohooamplience%2Fazz61102_cream_xl.jpg%24&feedId=2319&k=08c99c8132177a9b39f9c80737ae13a015218df3,GBP,0,3.99,https://www.boohoo.com/cable-knit-cardigan/AZZ61102-123-33.html,en,,0,2319,boohoo,0,,,,,,0,0,,,,,https://images2.productserve.com/?w=70&h=70&bg=white&trim=5&t=letterbox&url=i1.adis.ws%2Fi%2Fboohooamplience%2Fazz61102_cream_xl.jpg%24&feedId=2319&k=08c99c8132177a9b39f9c80737ae13a015218df3,,,,female,,,,Clothing > Knitwear > Boyfriend Cardigans,,,,,,
https://www.awin1.com/pclick.php?p=26516289719&a=512981&m=2319,"Womens Cable Knit Cardigan - Navy - S/M, Navy",26516289719,AZZ61102-148-31,https://syte-static-feed.s3.amazonaws.com/qa_bixby_gb_20200408_awin_boohoo/26516289719.jpg,"Womens Cable Knit Cardigan - navy - S/M - Cold evenings call for major downtime cosiness and this cable-knit cardigan is a great place to start. Styled in a long length with button fastenings and long sleeves, this cable cardigan will soon become your off-duty fave. For seriously cute vibes, style this cable-knit cardi with a slogan tee, denim shorts and ankle boots. Amaze.",Women's Tops,22.0,boohoo.com UK & IE,2319,Women's Tops,204,https://images2.productserve.com/?w=200&h=200&bg=white&trim=5&t=letterbox&url=i1.adis.ws%2Fi%2Fboohooamplience%2Fazz61102_navy_xl.jpg%24&feedId=2319&k=9cd56c69aae4beac949fca79bf759b3e1ecc240b,GBP,0,3.99,https://www.boohoo.com/cable-knit-cardigan/AZZ61102-148-31.html,en,,0,2319,boohoo,0,,,,,,0,0,,,,,https://images2.productserve.com/?w=70&h=70&bg=white&trim=5&t=letterbox&url=i1.adis.ws%2Fi%2Fboohooamplience%2Fazz61102_navy_xl.jpg%24&feedId=2319&k=9cd56c69aae4beac949fca79bf759b3e1ecc240b,,,,female,,,,Clothing > Knitwear > Boyfriend Cardigans,,,,,,
https://www.awin1.com/pclick.php?p=26516289723&a=512981&m=2319,"Womens Cable Knit Cardigan - Green - S/M, Green",26516289723,AZZ61102-181-31,https://syte-static-feed.s3.amazonaws.com/qa_bixby_gb_20200408_awin_boohoo/26516289723.jpg,"Womens Cable Knit Cardigan - green - S/M - Cold evenings call for major downtime cosiness and this cable-knit cardigan is a great place to start. Styled in a long length with button fastenings and long sleeves, this cable cardigan will soon become your off-duty fave. For seriously cute vibes, style this cable-knit cardi with a slogan tee, denim shorts and ankle boots. Amaze.",Women's Tops,22.0,boohoo.com UK & IE,2319,Women's Tops,204,https://images2.productserve.com/?w=200&h=200&bg=white&trim=5&t=letterbox&url=i1.adis.ws%2Fi%2Fboohooamplience%2Fazz61102_bottle_xl.jpg%24&feedId=2319&k=19b0aff9a7b8ce38b386ea0c419fde92ec582379,GBP,0,3.99,https://www.boohoo.com/cable-knit-cardigan/AZZ61102-181-31.html,en,,0,2319,boohoo,0,,,,,,0,0,,,,,https://images2.productserve.com/?w=70&h=70&bg=white&trim=5&t=letterbox&url=i1.adis.ws%2Fi%2Fboohooamplience%2Fazz61102_bottle_xl.jpg%24&feedId=2319&k=19b0aff9a7b8ce38b386ea0c419fde92ec582379,,,,female,,,,Clothing > Knitwear > Boyfriend Cardigans,,,,,,
https://www.awin1.com/pclick.php?p=26516289727&a=512981&m=2319,"Womens Cable Knit Cardigan - Grey - S/M, Grey",26516289727,AZZ61102-265-31,https://syte-static-feed.s3.amazonaws.com/qa_bixby_gb_20200408_awin_boohoo/26516289727.jpg,"Womens Cable Knit Cardigan - grey - S/M - Cold evenings call for major downtime cosiness and this cable-knit cardigan is a great place to start. Styled in a long length with button fastenings and long sleeves, this cable cardigan will soon become your off-duty fave. For seriously cute vibes, style this cable-knit cardi with a slogan tee, denim shorts and ankle boots. Amaze.",Women's Tops,22.0,boohoo.com UK & IE,2319,Women's Tops,204,https://images2.productserve.com/?w=200&h=200&bg=white&trim=5&t=letterbox&url=i1.adis.ws%2Fi%2Fboohooamplience%2Fazz61102_grey%2520marl_xl.jpg%24&feedId=2319&k=b3fce94e58a06aa4f720591aa7c8e8485a21dafc,GBP,0,3.99,https://www.boohoo.com/cable-knit-cardigan/AZZ61102-265-31.html,en,,0,2319,boohoo,0,,,,,,0,0,,,,,https://images2.productserve.com/?w=70&h=70&bg=white&trim=5&t=letterbox&url=i1.adis.ws%2Fi%2Fboohooamplience%2Fazz61102_grey%2520marl_xl.jpg%24&feedId=2319&k=b3fce94e58a06aa4f720591aa7c8e8485a21dafc,,,,female,,,,Clothing > Knitwear > Boyfriend Cardigans,,,,,,
https://www.awin1.com/pclick.php?p=26516289731&a=512981&m=2319,"Womens Cable Knit Cardigan - Red - M/L, Red",26516289731,AZZ61102-293-33,https://syte-static-feed.s3.amazonaws.com/qa_bixby_gb_20200408_awin_boohoo/26516289731.jpg,"Womens Cable Knit Cardigan - red - M/L - Cold evenings call for major downtime cosiness and this cable-knit cardigan is a great place to start. Styled in a long length with button fastenings and long sleeves, this cable cardigan will soon become your off-duty fave. For seriously cute vibes, style this cable-knit cardi with a slogan tee, denim shorts and ankle boots. Amaze.",Women's Tops,22.0,boohoo.com UK & IE,2319,Women's Tops,204,https://images2.productserve.com/?w=200&h=200&bg=white&trim=5&t=letterbox&url=i1.adis.ws%2Fi%2Fboohooamplience%2Fazz61102_wine_xl.jpg%24&feedId=2319&k=33bdb46366fb3017042d34dece0eb144a6c63078,GBP,0,3.99,https://www.boohoo.com/cable-knit-cardigan/AZZ61102-293-33.html,en,,0,2319,boohoo,0,,,,,,0,0,,,,,https://images2.productserve.com/?w=70&h=70&bg=white&trim=5&t=letterbox&url=i1.adis.ws%2Fi%2Fboohooamplience%2Fazz61102_wine_xl.jpg%24&feedId=2319&k=33bdb46366fb3017042d34dece0eb144a6c63078,,,,female,,,,Clothing > Knitwear > Boyfriend Cardigans,,,,,,
https://www.awin1.com/pclick.php?p=26519314011&a=512981&m=2319,"Womens Cable Knit Cardigan - Beige - M/L, Beige",26519314011,AZZ61102-165-33,https://syte-static-feed.s3.amazonaws.com/qa_bixby_gb_20200408_awin_boohoo/26519314011.jpg,"Womens Cable Knit Cardigan - beige - M/L - Cold evenings call for major downtime cosiness and this cable-knit cardigan is a great place to start. Styled in a long length with button fastenings and long sleeves, this cable cardigan will soon become your off-duty fave. For seriously cute vibes, style this cable-knit cardi with a slogan tee, denim shorts and ankle boots. Amaze.",Women's Tops,22.0,boohoo.com UK & IE,2319,Women's Tops,204,https://images2.productserve.com/?w=200&h=200&bg=white&trim=5&t=letterbox&url=i1.adis.ws%2Fi%2Fboohooamplience%2Fazz61102_stone_xl.jpg%24&feedId=2319&k=74a6f4592baf7ae791dcac737584b55d52c32360,GBP,0,3.99,https://www.boohoo.com/cable-knit-cardigan/AZZ61102-165-33.html,en,,0,2319,boohoo,0,,,,,,0,0,,,,,https://images2.productserve.com/?w=70&h=70&bg=white&trim=5&t=letterbox&url=i1.adis.ws%2Fi%2Fboohooamplience%2Fazz61102_stone_xl.jpg%24&feedId=2319&k=74a6f4592baf7ae791dcac737584b55d52c32360,,,,female,,,,Clothing > Knitwear > Boyfriend Cardigans,,,,,,
https://www.awin1.com/pclick.php?p=26320525887&a=512981&m=2319,"Womens Boyfriend Cardigan - Black - S/M, Black",26320525887,AZZ39444-105-31,https://syte-static-feed.s3.amazonaws.com/qa_bixby_gb_20200408_awin_boohoo/26320525887.jpg,"Womens Boyfriend Cardigan - black - S/M - We're majorly crushing on this women's cardigan. Styled with long sleeves, front button fastenings, cable-knit detailing and side pockets, this boyfriend cardigan is a true must-have on chill days. If you're looking to add some sass, a bralet underneath is a total winner.",Women's Tops,22.0,boohoo.com UK & IE,2319,Women's Tops,204,https://images2.productserve.com/?w=200&h=200&bg=white&trim=5&t=letterbox&url=i1.adis.ws%2Fi%2Fboohooamplience%2Fazz39444_black_xl.jpg%24&feedId=2319&k=4e51abeaed5be24ed02a9d32bc19e70726ea9be1,GBP,0,3.99,https://www.boohoo.com/boyfriend-cardigan/AZZ39444-105-31.html,en,,0,2319,boohoo,0,,,,,,0,0,,,,,https://images2.productserve.com/?w=70&h=70&bg=white&trim=5&t=letterbox&url=i1.adis.ws%2Fi%2Fboohooamplience%2Fazz39444_black_xl.jpg%24&feedId=2319&k=4e51abeaed5be24ed02a9d32bc19e70726ea9be1,,,,female,,,,Clothing > Knitwear > Boyfriend Cardigans,,,,,,
https://www.awin1.com/pclick.php?p=24562543751&a=512981&m=2319,"Womens Boyfriend Cardigan - Pink - S/M, Pink",24562543751,AZZ39444-107-31,https://syte-static-feed.s3.amazonaws.com/qa_bixby_gb_20200408_awin_boohoo/24562543751.jpg,"Womens Boyfriend Cardigan - pink - S/M - We're majorly crushing on this women's cardigan. Styled with long sleeves, front button fastenings, cable-knit detailing and side pockets, this boyfriend cardigan is a true must-have on chill days. If you're looking to add some sass, a bralet underneath is a total winner.",Women's Tops,22.0,boohoo.com UK & IE,2319,Women's Tops,204,https://images2.productserve.com/?w=200&h=200&bg=white&trim=5&t=letterbox&url=i1.adis.ws%2Fi%2Fboohooamplience%2Fazz39444_blush_xl.jpg%24&feedId=2319&k=99ef36d5bacce8ab195f9ae73f17b28dabd1a63c,GBP,0,3.99,https://www.boohoo.com/boyfriend-cardigan/AZZ39444-107-31.html,en,,0,2319,boohoo,0,,,,,,0,0,,,,,https://images2.productserve.com/?w=70&h=70&bg=white&trim=5&t=letterbox&url=i1.adis.ws%2Fi%2Fboohooamplience%2Fazz39444_blush_xl.jpg%24&feedId=2319&k=99ef36d5bacce8ab195f9ae73f17b28dabd1a63c,,,,female,,,,Clothing > Knitwear > Boyfriend Cardigans,,,,,,
https://www.awin1.com/pclick.php?p=24368314809&a=512981&m=2319,"Womens Boyfriend Cardigan - Grey - S/M, Grey",24368314809,AZZ39444-115-31,https://syte-static-feed.s3.amazonaws.com/qa_bixby_gb_20200408_awin_boohoo/24368314809.jpg,"Womens Boyfriend Cardigan - grey - S/M - We're majorly crushing on this women's cardigan. Styled with long sleeves, front button fastenings, cable-knit detailing and side pockets, this boyfriend cardigan is a true must-have on chill days. If you're looking to add some sass, a bralet underneath is a total winner.",Women's Tops,22.0,boohoo.com UK & IE,2319,Women's Tops,204,https://images2.productserve.com/?w=200&h=200&bg=white&trim=5&t=letterbox&url=i1.adis.ws%2Fi%2Fboohooamplience%2Fazz39444_charcoal_xl.jpg%24&feedId=2319&k=481ac1b5c90d887fe2ae98797323faed6d4a8b2a,GBP,0,3.99,https://www.boohoo.com/boyfriend-cardigan/AZZ39444-115-31.html,en,,0,2319,boohoo,0,,,,,,0,0,,,,,https://images2.productserve.com/?w=70&h=70&bg=white&trim=5&t=letterbox&url=i1.adis.ws%2Fi%2Fboohooamplience%2Fazz39444_charcoal_xl.jpg%24&feedId=2319&k=481ac1b5c90d887fe2ae98797323faed6d4a8b2a,,,,female,,,,Clothing > Knitwear > Boyfriend Cardigans,,,,,,
https://www.awin1.com/pclick.php?p=24368314813&a=512981&m=2319,"Womens Boyfriend Cardigan - White - S/M, White",24368314813,AZZ39444-123-31,https://syte-static-feed.s3.amazonaws.com/qa_bixby_gb_20200408_awin_boohoo/24368314813.jpg,"Womens Boyfriend Cardigan - white - S/M - We're majorly crushing on this women's cardigan. Styled with long sleeves, front button fastenings, cable-knit detailing and side pockets, this boyfriend cardigan is a true must-have on chill days. If you're looking to add some sass, a bralet underneath is a total winner.",Women's Tops,22.0,boohoo.com UK & IE,2319,Women's Tops,204,https://images2.productserve.com/?w=200&h=200&bg=white&trim=5&t=letterbox&url=i1.adis.ws%2Fi%2Fboohooamplience%2Fazz39444_cream_xl.jpg%24&feedId=2319&k=b124c0ef314f9ed82a351c4374f0bef8725f8eef,GBP,0,3.99,https://www.boohoo.com/boyfriend-cardigan/AZZ39444-123-31.html,en,,0,2319,boohoo,0,,,,,,0,0,,,,,https://images2.productserve.com/?w=70&h=70&bg=white&trim=5&t=letterbox&url=i1.adis.ws%2Fi%2Fboohooamplience%2Fazz39444_cream_xl.jpg%24&feedId=2319&k=b124c0ef314f9ed82a351c4374f0bef8725f8eef,,,,female,,,,Clothing > Knitwear > Boyfriend Cardigans,,,,,,
https://www.awin1.com/pclick.php?p=25047046721&a=512981&m=2319,"Womens Tassel Hem Cape Cardigan - Black - One Size, Black",25047046721,DZZ48279-105-35,https://syte-static-feed.s3.amazonaws.com/qa_bixby_gb_20200408_awin_boohoo/25047046721.jpg,"Womens Tassel Hem Cape Cardigan - black - One Size - This tassel cardigan is giving us major festival FOMO and we can't even deal. Designed in a long length with an open front, half sleeves and side pockets, this cape cardigan is finished with a cute tassel hem. Style with wet-look trousers and a simple vest for a boho vibe we are loving.",Women's Tops,18.0,boohoo.com UK & IE,2319,Women's Tops,204,https://images2.productserve.com/?w=200&h=200&bg=white&trim=5&t=letterbox&url=i1.adis.ws%2Fi%2Fboohooamplience%2Fdzz48279_black_xl.jpg%24&feedId=2319&k=f9132cc0744adbd5f8a655a10dbd784ede8e3cbd,GBP,0,3.99,https://www.boohoo.com/tassel-hem-cape-cardigan/DZZ48279-105-35.html,en,,0,2319,boohoo,0,,,,,,28.0,0,,,,,https://images2.productserve.com/?w=70&h=70&bg=white&trim=5&t=letterbox&url=i1.adis.ws%2Fi%2Fboohooamplience%2Fdzz48279_black_xl.jpg%24&feedId=2319&k=f9132cc0744adbd5f8a655a10dbd784ede8e3cbd,,,,female,,,,Clothing > Knitwear > Cape Cardigans,,,,,,
https://www.awin1.com/pclick.php?p=26485805971&a=512981&m=2319,"Womens Tassel Hem Cape Cardigan - Grey - One Size, Grey",26485805971,DZZ48279-163-35,https://syte-static-feed.s3.amazonaws.com/qa_bixby_gb_20200408_awin_boohoo/26485805971.jpg,"Womens Tassel Hem Cape Cardigan - grey - One Size - This tassel cardigan is giving us major festival FOMO and we can't even deal. Designed in a long length with an open front, half sleeves and side pockets, this cape cardigan is finished with a cute tassel hem. Style with wet-look trousers and a simple vest for a boho vibe we are loving.",Women's Tops,18.0,boohoo.com UK & IE,2319,Women's Tops,204,https://images2.productserve.com/?w=200&h=200&bg=white&trim=5&t=letterbox&url=i1.adis.ws%2Fi%2Fboohooamplience%2Fdzz48279_silver_xl.jpg%24&feedId=2319&k=56d22ec135ff1c0062a47bca2dd9f250cea9d171,GBP,0,3.99,https://www.boohoo.com/tassel-hem-cape-cardigan/DZZ48279-163-35.html,en,,0,2319,boohoo,0,,,,,,28.0,0,,,,,https://images2.productserve.com/?w=70&h=70&bg=white&trim=5&t=letterbox&url=i1.adis.ws%2Fi%2Fboohooamplience%2Fdzz48279_silver_xl.jpg%24&feedId=2319&k=56d22ec135ff1c0062a47bca2dd9f250cea9d171,,,,female,,,,Clothing > Knitwear > Cape Cardigans,,,,,,
https://www.awin1.com/pclick.php?p=24284404395&a=512981&m=2319,"Womens Tassel Hem Cape Cardigan - Beige - One Size, Beige",24284404395,DZZ48279-165-35,https://syte-static-feed.s3.amazonaws.com/qa_bixby_gb_20200408_awin_boohoo/24284404395.jpg,"Womens Tassel Hem Cape Cardigan - beige - One Size - This tassel cardigan is giving us major festival FOMO and we can't even deal. Designed in a long length with an open front, half sleeves and side pockets, this cape cardigan is finished with a cute tassel hem. Style with wet-look trousers and a simple vest for a boho vibe we are loving.",Women's Tops,18.0,boohoo.com UK & IE,2319,Women's Tops,204,https://images2.productserve.com/?w=200&h=200&bg=white&trim=5&t=letterbox&url=i1.adis.ws%2Fi%2Fboohooamplience%2Fdzz48279_stone_xl.jpg%24&feedId=2319&k=0e9e46c5b70b72d5cbfb96e22c26cb0042db223b,GBP,0,3.99,https://www.boohoo.com/tassel-hem-cape-cardigan/DZZ48279-165-35.html,en,,0,2319,boohoo,0,,,,,,28.0,0,,,,,https://images2.productserve.com/?w=70&h=70&bg=white&trim=5&t=letterbox&url=i1.adis.ws%2Fi%2Fboohooamplience%2Fdzz48279_stone_xl.jpg%24&feedId=2319&k=0e9e46c5b70b72d5cbfb96e22c26cb0042db223b,,,,female,,,,Clothing > Knitwear > Cape Cardigans,,,,,,
https://www.awin1.com/pclick.php?p=25047046723&a=512981&m=2319,"Womens Tassel Hem Cape Cardigan - Beige - One Size, Beige",25047046723,DZZ48279-111-35,https://syte-static-feed.s3.amazonaws.com/qa_bixby_gb_20200408_awin_boohoo/25047046723.jpg,"Womens Tassel Hem Cape Cardigan - beige - One Size - This tassel cardigan is giving us major festival FOMO and we can't even deal. Designed in a long length with an open front, half sleeves and side pockets, this cape cardigan is finished with a cute tassel hem. Style with wet-look trousers and a simple vest for a boho vibe we are loving.",Women's Tops,18.0,boohoo.com UK & IE,2319,Women's Tops,204,https://images2.productserve.com/?w=200&h=200&bg=white&trim=5&t=letterbox&url=i1.adis.ws%2Fi%2Fboohooamplience%2Fdzz48279_camel_xl.jpg%24&feedId=2319&k=1210b55d3fbf3db5f4f33f7f3fd821824b5c6216,GBP,0,3.99,https://www.boohoo.com/tassel-hem-cape-cardigan/DZZ48279-111-35.html,en,,0,2319,boohoo,0,,,,,,28.0,0,,,,,https://images2.productserve.com/?w=70&h=70&bg=white&trim=5&t=letterbox&url=i1.adis.ws%2Fi%2Fboohooamplience%2Fdzz48279_camel_xl.jpg%24&feedId=2319&k=1210b55d3fbf3db5f4f33f7f3fd821824b5c6216,,,,female,,,,Clothing > Knitwear > Cape Cardigans,,,,,,
https://www.awin1.com/pclick.php?p=26513817641&a=512981&m=2319,"Womens Tassel Hem Cape Cardigan - Grey - One Size, Grey",26513817641,DZZ48279-131-35,https://syte-static-feed.s3.amazonaws.com/qa_bixby_gb_20200408_awin_boohoo/26513817641.jpg,"Womens Tassel Hem Cape Cardigan - grey - One Size - This tassel cardigan is giving us major festival FOMO and we can't even deal. Designed in a long length with an open front, half sleeves and side pockets, this cape cardigan is finished with a cute tassel hem. Style with wet-look trousers and a simple vest for a boho vibe we are loving.",Women's Tops,18.0,boohoo.com UK & IE,2319,Women's Tops,204,https://images2.productserve.com/?w=200&h=200&bg=white&trim=5&t=letterbox&url=i1.adis.ws%2Fi%2Fboohooamplience%2Fdzz48279_grey_xl.jpg%24&feedId=2319&k=d962257a76021406bbfad2a4acb6e3dbb64d9888,GBP,0,3.99,https://www.boohoo.com/tassel-hem-cape-cardigan/DZZ48279-131-35.html,en,,0,2319,boohoo,0,,,,,,28.0,0,,,,,https://images2.productserve.com/?w=70&h=70&bg=white&trim=5&t=letterbox&url=i1.adis.ws%2Fi%2Fboohooamplience%2Fdzz48279_grey_xl.jpg%24&feedId=2319&k=d962257a76021406bbfad2a4acb6e3dbb64d9888,,,,female,,,,Clothing > Knitwear > Cape Cardigans,,,,,,
https://www.awin1.com/pclick.php?p=26513817643&a=512981&m=2319,"Womens Tassel Hem Cape Cardigan - Yellow - One Size, Yellow",26513817643,DZZ48279-146-35,https://syte-static-feed.s3.amazonaws.com/qa_bixby_gb_20200408_awin_boohoo/26513817643.jpg,"Womens Tassel Hem Cape Cardigan - yellow - One Size - This tassel cardigan is giving us major festival FOMO and we can't even deal. Designed in a long length with an open front, half sleeves and side pockets, this cape cardigan is finished with a cute tassel hem. Style with wet-look trousers and a simple vest for a boho vibe we are loving.",Women's Tops,18.0,boohoo.com UK & IE,2319,Women's Tops,204,https://images2.productserve.com/?w=200&h=200&bg=white&trim=5&t=letterbox&url=i1.adis.ws%2Fi%2Fboohooamplience%2Fdzz48279_mustard_xl.jpg%24&feedId=2319&k=c1e13fb652fb9b4e38e8d6b094c96e6bffb458a3,GBP,0,3.99,https://www.boohoo.com/tassel-hem-cape-cardigan/DZZ48279-146-35.html,en,,0,2319,boohoo,0,,,,,,28.0,0,,,,,https://images2.productserve.com/?w=70&h=70&bg=white&trim=5&t=letterbox&url=i1.adis.ws%2Fi%2Fboohooamplience%2Fdzz48279_mustard_xl.jpg%24&feedId=2319&k=c1e13fb652fb9b4e38e8d6b094c96e6bffb458a3,,,,female,,,,Clothing > Knitwear > Cape Cardigans,,,,,,
https://www.awin1.com/pclick.php?p=26513817645&a=512981&m=2319,"Womens Tassel Hem Cape Cardigan - Red - One Size, Red",26513817645,DZZ48279-582-35,https://syte-static-feed.s3.amazonaws.com/qa_bixby_gb_20200408_awin_boohoo/26513817645.jpg,"Womens Tassel Hem Cape Cardigan - Red - One Size - This tassel cardigan is giving us major festival FOMO and we can't even deal. Designed in a long length with an open front, half sleeves and side pockets, this cape cardigan is finished with a cute tassel hem. Style with wet-look trousers and a simple vest for a boho vibe we are loving.",Women's Tops,18.0,boohoo.com UK & IE,2319,Women's Tops,204,https://images2.productserve.com/?w=200&h=200&bg=white&trim=5&t=letterbox&url=i1.adis.ws%2Fi%2Fboohooamplience%2Fdzz48279_claret_xl.jpg%24&feedId=2319&k=9355c867284067ad4d6ee8b5197d985f03b32a35,GBP,0,3.99,https://www.boohoo.com/tassel-hem-cape-cardigan/DZZ48279-582-35.html,en,,0,2319,boohoo,0,,,,,,28.0,0,,,,,https://images2.productserve.com/?w=70&h=70&bg=white&trim=5&t=letterbox&url=i1.adis.ws%2Fi%2Fboohooamplience%2Fdzz48279_claret_xl.jpg%24&feedId=2319&k=9355c867284067ad4d6ee8b5197d985f03b32a35,,,,female,,,,Clothing > Knitwear > Cape Cardigans,,,,,,
https://www.awin1.com/pclick.php?p=22176079397&a=512981&m=2319,"Womens Oversized Boyfriend Cardigan - Black - S/M, Black",22176079397,DZZ18885-105-31,https://syte-static-feed.s3.amazonaws.com/qa_bixby_gb_20200408_awin_boohoo/22176079397.jpg,"Womens Oversized Boyfriend Cardigan - black - S/M - No need to borrow from bae, we've got your knitwear covered with this oversized boyfriend cardigan. Styled with long sleeves, this bestselling boyfriend cardigan features side pockets and is cut at the knee. Complete the A/W look with knee-highs and a vest-and-shorts combo.",Women's Tops,25.0,boohoo.com UK & IE,2319,Women's Tops,204,https://images2.productserve.com/?w=200&h=200&bg=white&trim=5&t=letterbox&url=i1.adis.ws%2Fi%2Fboohooamplience%2Fdzz18885_black_xl.jpg%24&feedId=2319&k=7ad8b5fd9b34230b073db2b3f0cd420e4bd5428a,GBP,0,3.99,https://www.boohoo.com/oversized-boyfriend-cardigan/DZZ18885-105-31.html,en,,0,2319,boohoo,0,,,,,,0,0,,,,,https://images2.productserve.com/?w=70&h=70&bg=white&trim=5&t=letterbox&url=i1.adis.ws%2Fi%2Fboohooamplience%2Fdzz18885_black_xl.jpg%24&feedId=2319&k=7ad8b5fd9b34230b073db2b3f0cd420e4bd5428a,,,,female,,,,Clothing > Knitwear > Midi Cardigans,,,,,,
https://www.awin1.com/pclick.php?p=22712495423&a=512981&m=2319,"Womens Oversized Boyfriend Cardigan - Beige - S/M, Beige",22712495423,DZZ18885-111-31,https://syte-static-feed.s3.amazonaws.com/qa_bixby_gb_20200408_awin_boohoo/22712495423.jpg,"Womens Oversized Boyfriend Cardigan - beige - S/M - No need to borrow from bae, we've got your knitwear covered with this oversized boyfriend cardigan. Styled with long sleeves, this bestselling boyfriend cardigan features side pockets and is cut at the knee. Complete the A/W look with knee-highs and a vest-and-shorts combo.",Women's Tops,25.0,boohoo.com UK & IE,2319,Women's Tops,204,https://images2.productserve.com/?w=200&h=200&bg=white&trim=5&t=letterbox&url=i1.adis.ws%2Fi%2Fboohooamplience%2Fdzz18885_camel_xl.jpg%24&feedId=2319&k=ec1ac6b78bb8731ef64dc7d6cc0ed845c2555add,GBP,0,3.99,https://www.boohoo.com/oversized-boyfriend-cardigan/DZZ18885-111-31.html,en,,0,2319,boohoo,0,,,,,,0,0,,,,,https://images2.productserve.com/?w=70&h=70&bg=white&trim=5&t=letterbox&url=i1.adis.ws%2Fi%2Fboohooamplience%2Fdzz18885_camel_xl.jpg%24&feedId=2319&k=ec1ac6b78bb8731ef64dc7d6cc0ed845c2555add,,,,female,,,,Clothing > Knitwear > Midi Cardigans,,,,,,
https://www.awin1.com/pclick.php?p=23270253327&a=512981&m=2319,"Womens Oversized Boyfriend Cardigan - White - S/M, White",23270253327,DZZ18885-123-31,https://syte-static-feed.s3.amazonaws.com/qa_bixby_gb_20200408_awin_boohoo/23270253327.jpg,"Womens Oversized Boyfriend Cardigan - white - S/M - No need to borrow from bae, we've got your knitwear covered with this oversized boyfriend cardigan. Styled with long sleeves, this bestselling boyfriend cardigan features side pockets and is cut at the knee. Complete the A/W look with knee-highs and a vest-and-shorts combo.",Women's Tops,25.0,boohoo.com UK & IE,2319,Women's Tops,204,https://images2.productserve.com/?w=200&h=200&bg=white&trim=5&t=letterbox&url=i1.adis.ws%2Fi%2Fboohooamplience%2Fdzz18885_cream_xl.jpg%24&feedId=2319&k=d3841b9ae294c8c5c7a4fc533eaae154c2ec7905,GBP,0,3.99,https://www.boohoo.com/oversized-boyfriend-cardigan/DZZ18885-123-31.html,en,,0,2319,boohoo,0,,,,,,0,0,,,,,https://images2.productserve.com/?w=70&h=70&bg=white&trim=5&t=letterbox&url=i1.adis.ws%2Fi%2Fboohooamplience%2Fdzz18885_cream_xl.jpg%24&feedId=2319&k=d3841b9ae294c8c5c7a4fc533eaae154c2ec7905,,,,female,,,,Clothing > Knitwear > Midi Cardigans,,,,,,
https://www.awin1.com/pclick.php?p=26564253239&a=512981&m=2319,"Womens Cocoon Oversized Rib Knit Cardigan - Blue - M/L, Blue",26564253239,DZZ20896-106-33,https://syte-static-feed.s3.amazonaws.com/qa_bixby_gb_20200408_awin_boohoo/26564253239.jpg,"Womens Cocoon Oversized Rib Knit Cardigan - blue - M/L - Keep your knitwear on fleek with this mega-versatile oversized cardigan. Styled with a cocoon-knit rib, this easy-wear long-sleeved design looks killer with high-rise jeans and a cropped tee. Perfect for A/W layering, this longline cardigan is giving us all the cosy feels.",Women's Tops,25.0,boohoo.com UK & IE,2319,Women's Tops,204,https://images2.productserve.com/?w=200&h=200&bg=white&trim=5&t=letterbox&url=i1.adis.ws%2Fi%2Fboohooamplience%2Fdzz20896_blue_xl.jpg%24&feedId=2319&k=4b46996312079eabd59f5fd638fa6ffbaf694181,GBP,0,3.99,https://www.boohoo.com/cocoon-oversized-rib-knit-cardigan/DZZ20896-106-33.html,en,,0,2319,boohoo,0,,,,,,0,0,,,,,https://images2.productserve.com/?w=70&h=70&bg=white&trim=5&t=letterbox&url=i1.adis.ws%2Fi%2Fboohooamplience%2Fdzz20896_blue_xl.jpg%24&feedId=2319&k=4b46996312079eabd59f5fd638fa6ffbaf694181,,,,female,,,,Clothing > Knitwear > Midi Cardigans,,,,,,
https://www.awin1.com/pclick.php?p=26562479161&a=512981&m=2319,"Womens Cocoon Oversized Rib Knit Cardigan - Pink - S/M, Pink",26562479161,DZZ20896-107-31,https://syte-static-feed.s3.amazonaws.com/qa_bixby_gb_20200408_awin_boohoo/26562479161.jpg,"Womens Cocoon Oversized Rib Knit Cardigan - pink - S/M - Keep your knitwear on fleek with this mega-versatile oversized cardigan. Styled with a cocoon-knit rib, this easy-wear long-sleeved design looks killer with high-rise jeans and a cropped tee. Perfect for A/W layering, this longline cardigan is giving us all the cosy feels.",Women's Tops,25.0,boohoo.com UK & IE,2319,Women's Tops,204,https://images2.productserve.com/?w=200&h=200&bg=white&trim=5&t=letterbox&url=i1.adis.ws%2Fi%2Fboohooamplience%2Fdzz20896_blush_xl.jpg%24&feedId=2319&k=60ea535a88fa8406f51c5c1967ace16928d83726,GBP,0,3.99,https://www.boohoo.com/cocoon-oversized-rib-knit-cardigan/DZZ20896-107-31.html,en,,0,2319,boohoo,0,,,,,,0,0,,,,,https://images2.productserve.com/?w=70&h=70&bg=white&trim=5&t=letterbox&url=i1.adis.ws%2Fi%2Fboohooamplience%2Fdzz20896_blush_xl.jpg%24&feedId=2319&k=60ea535a88fa8406f51c5c1967ace16928d83726,,,,female,,,,Clothing > Knitwear > Midi Cardigans,,,,,,
https://www.awin1.com/pclick.php?p=26562479165&a=512981&m=2319,"Womens Cocoon Oversized Rib Knit Cardigan - Beige - S/M, Beige",26562479165,DZZ20896-111-31,https://syte-static-feed.s3.amazonaws.com/qa_bixby_gb_20200408_awin_boohoo/26562479165.jpg,"Womens Cocoon Oversized Rib Knit Cardigan - beige - S/M - Keep your knitwear on fleek with this mega-versatile oversized cardigan. Styled with a cocoon-knit rib, this easy-wear long-sleeved design looks killer with high-rise jeans and a cropped tee. Perfect for A/W layering, this longline cardigan is giving us all the cosy feels.",Women's Tops,25.0,boohoo.com UK & IE,2319,Women's Tops,204,https://images2.productserve.com/?w=200&h=200&bg=white&trim=5&t=letterbox&url=i1.adis.ws%2Fi%2Fboohooamplience%2Fdzz20896_camel_xl.jpg%24&feedId=2319&k=276b88a64c6c739d7594c0c8aad2666696310741,GBP,0,3.99,https://www.boohoo.com/cocoon-oversized-rib-knit-cardigan/DZZ20896-111-31.html,en,,0,2319,boohoo,0,,,,,,0,0,,,,,https://images2.productserve.com/?w=70&h=70&bg=white&trim=5&t=letterbox&url=i1.adis.ws%2Fi%2Fboohooamplience%2Fdzz20896_camel_xl.jpg%24&feedId=2319&k=276b88a64c6c739d7594c0c8aad2666696310741,,,,female,,,,Clothing > Knitwear > Midi Cardigans,,,,,,
https://www.awin1.com/pclick.php?p=26562479169&a=512981&m=2319,"Womens Cocoon Oversized Rib Knit Cardigan - Grey - M/L, Grey",26562479169,DZZ20896-131-33,https://syte-static-feed.s3.amazonaws.com/qa_bixby_gb_20200408_awin_boohoo/26562479169.jpg,"Womens Cocoon Oversized Rib Knit Cardigan - grey - M/L - Keep your knitwear on fleek with this mega-versatile oversized cardigan. Styled with a cocoon-knit rib, this easy-wear long-sleeved design looks killer with high-rise jeans and a cropped tee. Perfect for A/W layering, this longline cardigan is giving us all the cosy feels.",Women's Tops,25.0,boohoo.com UK & IE,2319,Women's Tops,204,https://images2.productserve.com/?w=200&h=200&bg=white&trim=5&t=letterbox&url=i1.adis.ws%2Fi%2Fboohooamplience%2Fdzz20896_grey_xl.jpg%24&feedId=2319&k=f9c97edca2366873a7ab12e54e0b7e68807b9551,GBP,0,3.99,https://www.boohoo.com/cocoon-oversized-rib-knit-cardigan/DZZ20896-131-33.html,en,,0,2319,boohoo,0,,,,,,0,0,,,,,https://images2.productserve.com/?w=70&h=70&bg=white&trim=5&t=letterbox&url=i1.adis.ws%2Fi%2Fboohooamplience%2Fdzz20896_grey_xl.jpg%24&feedId=2319&k=f9c97edca2366873a7ab12e54e0b7e68807b9551,,,,female,,,,Clothing > Knitwear > Midi Cardigans,,,,,,
https://www.awin1.com/pclick.php?p=26562479171&a=512981&m=2319,"Womens Cocoon Oversized Rib Knit Cardigan - Yellow - S/M, Yellow",26562479171,DZZ20896-146-31,https://syte-static-feed.s3.amazonaws.com/qa_bixby_gb_20200408_awin_boohoo/26562479171.jpg,"Womens Cocoon Oversized Rib Knit Cardigan - yellow - S/M - Keep your knitwear on fleek with this mega-versatile oversized cardigan. Styled with a cocoon-knit rib, this easy-wear long-sleeved design looks killer with high-rise jeans and a cropped tee. Perfect for A/W layering, this longline cardigan is giving us all the cosy feels.",Women's Tops,25.0,boohoo.com UK & IE,2319,Women's Tops,204,https://images2.productserve.com/?w=200&h=200&bg=white&trim=5&t=letterbox&url=i1.adis.ws%2Fi%2Fboohooamplience%2Fdzz20896_mustard_xl.jpg%24&feedId=2319&k=53397351627346c87124ffa54cf12f9ab31a4fa3,GBP,0,3.99,https://www.boohoo.com/cocoon-oversized-rib-knit-cardigan/DZZ20896-146-31.html,en,,0,2319,boohoo,0,,,,,,0,0,,,,,https://images2.productserve.com/?w=70&h=70&bg=white&trim=5&t=letterbox&url=i1.adis.ws%2Fi%2Fboohooamplience%2Fdzz20896_mustard_xl.jpg%24&feedId=2319&k=53397351627346c87124ffa54cf12f9ab31a4fa3,,,,female,,,,Clothing > Knitwear > Midi Cardigans,,,,,,
https://www.awin1.com/pclick.php?p=26564811843&a=512981&m=2319,"Womens Cocoon Oversized Rib Knit Cardigan - Black - S/M, Black",26564811843,DZZ20896-105-31,https://syte-static-feed.s3.amazonaws.com/qa_bixby_gb_20200408_awin_boohoo/26564811843.jpg,"Womens Cocoon Oversized Rib Knit Cardigan - black - S/M - Keep your knitwear on fleek with this mega-versatile oversized cardigan. Styled with a cocoon-knit rib, this easy-wear long-sleeved design looks killer with high-rise jeans and a cropped tee. Perfect for A/W layering, this longline cardigan is giving us all the cosy feels.",Women's Tops,25.0,boohoo.com UK & IE,2319,Women's Tops,204,https://images2.productserve.com/?w=200&h=200&bg=white&trim=5&t=letterbox&url=i1.adis.ws%2Fi%2Fboohooamplience%2Fdzz20896_black_xl.jpg%24&feedId=2319&k=300ae516914791f4d851a4f4c21fdb90650c72f8,GBP,0,3.99,https://www.boohoo.com/cocoon-oversized-rib-knit-cardigan/DZZ20896-105-31.html,en,,0,2319,boohoo,0,,,,,,0,0,,,,,https://images2.productserve.com/?w=70&h=70&bg=white&trim=5&t=letterbox&url=i1.adis.ws%2Fi%2Fboohooamplience%2Fdzz20896_black_xl.jpg%24&feedId=2319&k=300ae516914791f4d851a4f4c21fdb90650c72f8,,,,female,,,,Clothing > Knitwear > Midi Cardigans,,,,,,
https://www.awin1.com/pclick.php?p=26564811851&a=512981&m=2319,"Womens Cocoon Oversized Rib Knit Cardigan - White - S/M, White",26564811851,DZZ20896-123-31,https://syte-static-feed.s3.amazonaws.com/qa_bixby_gb_20200408_awin_boohoo/26564811851.jpg,"Womens Cocoon Oversized Rib Knit Cardigan - white - S/M - Keep your knitwear on fleek with this mega-versatile oversized cardigan. Styled with a cocoon-knit rib, this easy-wear long-sleeved design looks killer with high-rise jeans and a cropped tee. Perfect for A/W layering, this longline cardigan is giving us all the cosy feels.",Women's Tops,25.0,boohoo.com UK & IE,2319,Women's Tops,204,https://images2.productserve.com/?w=200&h=200&bg=white&trim=5&t=letterbox&url=i1.adis.ws%2Fi%2Fboohooamplience%2Fdzz20896_cream_xl.jpg%24&feedId=2319&k=2ee68b649668f5538d07e7d86ffae83e61d80bf9,GBP,0,3.99,https://www.boohoo.com/cocoon-oversized-rib-knit-cardigan/DZZ20896-123-31.html,en,,0,2319,boohoo,0,,,,,,0,0,,,,,https://images2.productserve.com/?w=70&h=70&bg=white&trim=5&t=letterbox&url=i1.adis.ws%2Fi%2Fboohooamplience%2Fdzz20896_cream_xl.jpg%24&feedId=2319&k=2ee68b649668f5538d07e7d86ffae83e61d80bf9,,,,female,,,,Clothing > Knitwear > Midi Cardigans,,,,,,
https://www.awin1.com/pclick.php?p=26564811857&a=512981&m=2319,"Womens Cocoon Oversized Rib Knit Cardigan - Beige - S/M, Beige",26564811857,DZZ20896-165-31,https://syte-static-feed.s3.amazonaws.com/qa_bixby_gb_20200408_awin_boohoo/26564811857.jpg,"Womens Cocoon Oversized Rib Knit Cardigan - beige - S/M - Keep your knitwear on fleek with this mega-versatile oversized cardigan. Styled with a cocoon-knit rib, this easy-wear long-sleeved design looks killer with high-rise jeans and a cropped tee. Perfect for A/W layering, this longline cardigan is giving us all the cosy feels.",Women's Tops,25.0,boohoo.com UK & IE,2319,Women's Tops,204,https://images2.productserve.com/?w=200&h=200&bg=white&trim=5&t=letterbox&url=i1.adis.ws%2Fi%2Fboohooamplience%2Fdzz20896_stone_xl.jpg%24&feedId=2319&k=0220d7452fe2684007b4b3f2b7d66e9230fafe20,GBP,0,3.99,https://www.boohoo.com/cocoon-oversized-rib-knit-cardigan/DZZ20896-165-31.html,en,,0,2319,boohoo,0,,,,,,0,0,,,,,https://images2.productserve.com/?w=70&h=70&bg=white&trim=5&t=letterbox&url=i1.adis.ws%2Fi%2Fboohooamplience%2Fdzz20896_stone_xl.jpg%24&feedId=2319&k=0220d7452fe2684007b4b3f2b7d66e9230fafe20,,,,female,,,,Clothing > Knitwear > Midi Cardigans,,,,,,
https://www.awin1.com/pclick.php?p=26564811861&a=512981&m=2319,"Womens Cocoon Oversized Rib Knit Cardigan - Brown - S/M, Brown",26564811861,DZZ20896-186-31,https://syte-static-feed.s3.amazonaws.com/qa_bixby_gb_20200408_awin_boohoo/26564811861.jpg,"Womens Cocoon Oversized Rib Knit Cardigan - brown - S/M - Keep your knitwear on fleek with this mega-versatile oversized cardigan. Styled with a cocoon-knit rib, this easy-wear long-sleeved design looks killer with high-rise jeans and a cropped tee. Perfect for A/W layering, this longline cardigan is giving us all the cosy feels.",Women's Tops,25.0,boohoo.com UK & IE,2319,Women's Tops,204,https://images2.productserve.com/?w=200&h=200&bg=white&trim=5&t=letterbox&url=i1.adis.ws%2Fi%2Fboohooamplience%2Fdzz20896_chocolate_xl.jpg%24&feedId=2319&k=d34d27babceae18f104a0d0c86c5e01325f62621,GBP,0,3.99,https://www.boohoo.com/cocoon-oversized-rib-knit-cardigan/DZZ20896-186-31.html,en,,0,2319,boohoo,0,,,,,,0,0,,,,,https://images2.productserve.com/?w=70&h=70&bg=white&trim=5&t=letterbox&url=i1.adis.ws%2Fi%2Fboohooamplience%2Fdzz20896_chocolate_xl.jpg%24&feedId=2319&k=d34d27babceae18f104a0d0c86c5e01325f62621,,,,female,,,,Clothing > Knitwear > Midi Cardigans,,,,,,
https://www.awin1.com/pclick.php?p=26564811865&a=512981&m=2319,"Womens Cocoon Oversized Rib Knit Cardigan - Purple - S/M, Purple",26564811865,DZZ20896-204-31,https://syte-static-feed.s3.amazonaws.com/qa_bixby_gb_20200408_awin_boohoo/26564811865.jpg,"Womens Cocoon Oversized Rib Knit Cardigan - purple - S/M - Keep your knitwear on fleek with this mega-versatile oversized cardigan. Styled with a cocoon-knit rib, this easy-wear long-sleeved design looks killer with high-rise jeans and a cropped tee. Perfect for A/W layering, this longline cardigan is giving us all the cosy feels.",Women's Tops,25.0,boohoo.com UK & IE,2319,Women's Tops,204,https://images2.productserve.com/?w=200&h=200&bg=white&trim=5&t=letterbox&url=i1.adis.ws%2Fi%2Fboohooamplience%2Fdzz20896_plum_xl.jpg%24&feedId=2319&k=a81fc80b9dc1b55429a5b67bb6f0ee252ddfecb2,GBP,0,3.99,https://www.boohoo.com/cocoon-oversized-rib-knit-cardigan/DZZ20896-204-31.html,en,,0,2319,boohoo,0,,,,,,0,0,,,,,https://images2.productserve.com/?w=70&h=70&bg=white&trim=5&t=letterbox&url=i1.adis.ws%2Fi%2Fboohooamplience%2Fdzz20896_plum_xl.jpg%24&feedId=2319&k=a81fc80b9dc1b55429a5b67bb6f0ee252ddfecb2,,,,female,,,,Clothing > Knitwear > Midi Cardigans,,,,,,
https://www.awin1.com/pclick.php?p=26564811869&a=512981&m=2319,"Womens Cocoon Oversized Rib Knit Cardigan - Orange - S/M, Orange",26564811869,DZZ20896-722-31,https://syte-static-feed.s3.amazonaws.com/qa_bixby_gb_20200408_awin_boohoo/26564811869.jpg,"Womens Cocoon Oversized Rib Knit Cardigan - orange - S/M - Keep your knitwear on fleek with this mega-versatile oversized cardigan. Styled with a cocoon-knit rib, this easy-wear long-sleeved design looks killer with high-rise jeans and a cropped tee. Perfect for A/W layering, this longline cardigan is giving us all the cosy feels.",Women's Tops,25.0,boohoo.com UK & IE,2319,Women's Tops,204,https://images2.productserve.com/?w=200&h=200&bg=white&trim=5&t=letterbox&url=i1.adis.ws%2Fi%2Fboohooamplience%2Fdzz20896_burnt%2520orange_xl.jpg%24&feedId=2319&k=25bc608688e8043f32ebcd445b1c2b1ae9073683,GBP,0,3.99,https://www.boohoo.com/cocoon-oversized-rib-knit-cardigan/DZZ20896-722-31.html,en,,0,2319,boohoo,0,,,,,,0,0,,,,,https://images2.productserve.com/?w=70&h=70&bg=white&trim=5&t=letterbox&url=i1.adis.ws%2Fi%2Fboohooamplience%2Fdzz20896_burnt%2520orange_xl.jpg%24&feedId=2319&k=25bc608688e8043f32ebcd445b1c2b1ae9073683,,,,female,,,,Clothing > Knitwear > Midi Cardigans,,,,,,
https://www.awin1.com/pclick.php?p=26407868321&a=512981&m=2319,"Womens Crochet Knitted Beach Jumpsuit - Black - S, Black",26407868321,SZZ85509-105-30,https://syte-static-feed.s3.amazonaws.com/qa_bixby_gb_20200408_awin_boohoo/26407868321.jpg,Womens Crochet Knitted Beach Jumpsuit - black - S - Crochet Knitted Beach Jumpsuit,Women's Outerwear,12.0,boohoo.com UK & IE,2319,Women's Outerwear,206,https://images2.productserve.com/?w=200&h=200&bg=white&trim=5&t=letterbox&url=i1.adis.ws%2Fi%2Fboohooamplience%2Fszz85509_black_xl.jpg%24&feedId=2319&k=7f26a0b783bab25604a4ab3bcf1c76cf321b08cb,GBP,0,3.99,https://www.boohoo.com/crochet-knitted-beach-jumpsuit/SZZ85509-105-30.html,en,,0,2319,boohoo,0,,,,,,20.0,0,,,,,https://images2.productserve.com/?w=70&h=70&bg=white&trim=5&t=letterbox&url=i1.adis.ws%2Fi%2Fboohooamplience%2Fszz85509_black_xl.jpg%24&feedId=2319&k=7f26a0b783bab25604a4ab3bcf1c76cf321b08cb,,,,female,,,,Clothing > Beachwear > Beach Jumpsuits,,,,,,
https://www.awin1.com/pclick.php?p=26407868327&a=512981&m=2319,"Womens Crochet Knitted Beach Jumpsuit - White - S, White",26407868327,SZZ85509-173-30,https://syte-static-feed.s3.amazonaws.com/qa_bixby_gb_20200408_awin_boohoo/26407868327.jpg,Womens Crochet Knitted Beach Jumpsuit - white - S - Crochet Knitted Beach Jumpsuit,Women's Outerwear,12.0,boohoo.com UK & IE,2319,Women's Outerwear,206,https://images2.productserve.com/?w=200&h=200&bg=white&trim=5&t=letterbox&url=i1.adis.ws%2Fi%2Fboohooamplience%2Fszz85509_white_xl.jpg%24&feedId=2319&k=9ca2e28fd82b4febeaf7ee1df143abf3cc495029,GBP,0,3.99,https://www.boohoo.com/crochet-knitted-beach-jumpsuit/SZZ85509-173-30.html,en,,0,2319,boohoo,0,,,,,,20.0,0,,,,,https://images2.productserve.com/?w=70&h=70&bg=white&trim=5&t=letterbox&url=i1.adis.ws%2Fi%2Fboohooamplience%2Fszz85509_white_xl.jpg%24&feedId=2319&k=9ca2e28fd82b4febeaf7ee1df143abf3cc495029,,,,female,,,,Clothing > Beachwear > Beach Jumpsuits,,,,,,
https://www.awin1.com/pclick.php?p=26528398527&a=512981&m=2319,"Tie Front Short Sleeve Cardigan - Black - S, Black",26528398527,FZZ59126-105-30,https://syte-static-feed.s3.amazonaws.com/qa_bixby_gb_20200408_awin_boohoo/26528398527.jpg,Tie Front Short Sleeve Cardigan - black - S - Tie Front Short Sleeve Cardigan,Women's Tops,15.0,boohoo.com UK & IE,2319,Women's Tops,204,https://images2.productserve.com/?w=200&h=200&bg=white&trim=5&t=letterbox&url=i1.adis.ws%2Fi%2Fboohooamplience%2Ffzz59126_black_xl.jpg%24&feedId=2319&k=bc2b1490ad183b8bcdccfb07a7e5115279b0bb13,GBP,0,3.99,https://www.boohoo.com/tie-front-short-sleeve-cardigan/FZZ59126-105-30.html,en,,0,2319,boohoo,0,,,,,,0,0,,,,,https://images2.productserve.com/?w=70&h=70&bg=white&trim=5&t=letterbox&url=i1.adis.ws%2Fi%2Fboohooamplience%2Ffzz59126_black_xl.jpg%24&feedId=2319&k=bc2b1490ad183b8bcdccfb07a7e5115279b0bb13,,,,female,,,,Knitwear > Cardigans,,,,,,
https://www.awin1.com/pclick.php?p=26528398533&a=512981&m=2319,"Tie Front Short Sleeve Cardigan - Blue - S, Blue",26528398533,FZZ59126-564-30,https://syte-static-feed.s3.amazonaws.com/qa_bixby_gb_20200408_awin_boohoo/26528398533.jpg,Tie Front Short Sleeve Cardigan - Blue - S - Tie Front Short Sleeve Cardigan,Women's Tops,15.0,boohoo.com UK & IE,2319,Women's Tops,204,https://images2.productserve.com/?w=200&h=200&bg=white&trim=5&t=letterbox&url=i1.adis.ws%2Fi%2Fboohooamplience%2Ffzz59126_light%2520blue_xl.jpg%24&feedId=2319&k=94509c003124d0de964fc7b8401284701d8444b6,GBP,0,3.99,https://www.boohoo.com/tie-front-short-sleeve-cardigan/FZZ59126-564-30.html,en,,0,2319,boohoo,0,,,,,,0,0,,,,,https://images2.productserve.com/?w=70&h=70&bg=white&trim=5&t=letterbox&url=i1.adis.ws%2Fi%2Fboohooamplience%2Ffzz59126_light%2520blue_xl.jpg%24&feedId=2319&k=94509c003124d0de964fc7b8401284701d8444b6,,,,female,,,,Knitwear > Cardigans,,,,,,
https://www.awin1.com/pclick.php?p=26528398539&a=512981&m=2319,"Tie Front Short Sleeve Cardigan - Purple - S, Purple",26528398539,FZZ59126-794-30,https://syte-static-feed.s3.amazonaws.com/qa_bixby_gb_20200408_awin_boohoo/26528398539.jpg,Tie Front Short Sleeve Cardigan - purple - S - Tie Front Short Sleeve Cardigan,Women's Tops,15.0,boohoo.com UK & IE,2319,Women's Tops,204,https://images2.productserve.com/?w=200&h=200&bg=white&trim=5&t=letterbox&url=i1.adis.ws%2Fi%2Fboohooamplience%2Ffzz59126_pale%2520lilac_xl.jpg%24&feedId=2319&k=d24a069c5b15cb9da50522684e1a4528daa291bb,GBP,0,3.99,https://www.boohoo.com/tie-front-short-sleeve-cardigan/FZZ59126-794-30.html,en,,0,2319,boohoo,0,,,,,,0,0,,,,,https://images2.productserve.com/?w=70&h=70&bg=white&trim=5&t=letterbox&url=i1.adis.ws%2Fi%2Fboohooamplience%2Ffzz59126_pale%2520lilac_xl.jpg%24&feedId=2319&k=d24a069c5b15cb9da50522684e1a4528daa291bb,,,,female,,,,Knitwear > Cardigans,,,,,,
https://www.awin1.com/pclick.php?p=26550418875&a=512981&m=2319,"Womens Rib Knit Puff Sleeve Cardigan - Black - S, Black",26550418875,FZZ56826-105-30,https://syte-static-feed.s3.amazonaws.com/qa_bixby_gb_20200408_awin_boohoo/26550418875.jpg,Womens Rib Knit Puff Sleeve Cardigan - black - S - Rib Knit Puff Sleeve Cardigan,Women's Tops,18.0,boohoo.com UK & IE,2319,Women's Tops,204,https://images2.productserve.com/?w=200&h=200&bg=white&trim=5&t=letterbox&url=i1.adis.ws%2Fi%2Fboohooamplience%2Ffzz56826_black_xl.jpg%24&feedId=2319&k=6c2faf10287326ace4b7840a7806dec6989bd961,GBP,0,3.99,https://www.boohoo.com/rib-knit-puff-sleeve-cardigan/FZZ56826-105-30.html,en,,0,2319,boohoo,0,,,,,,0,0,,,,,https://images2.productserve.com/?w=70&h=70&bg=white&trim=5&t=letterbox&url=i1.adis.ws%2Fi%2Fboohooamplience%2Ffzz56826_black_xl.jpg%24&feedId=2319&k=6c2faf10287326ace4b7840a7806dec6989bd961,,,,female,,,,Knitwear > Cardigans,,,,,,
https://www.awin1.com/pclick.php?p=26550418881&a=512981&m=2319,"Womens Rib Knit Puff Sleeve Cardigan - Beige - S, Beige",26550418881,FZZ56826-165-30,https://syte-static-feed.s3.amazonaws.com/qa_bixby_gb_20200408_awin_boohoo/26550418881.jpg,Womens Rib Knit Puff Sleeve Cardigan - beige - S - Rib Knit Puff Sleeve Cardigan,Women's Tops,18.0,boohoo.com UK & IE,2319,Women's Tops,204,https://images2.productserve.com/?w=200&h=200&bg=white&trim=5&t=letterbox&url=i1.adis.ws%2Fi%2Fboohooamplience%2Ffzz56826_stone_xl.jpg%24&feedId=2319&k=07aa1b69cc4333ef02d6ee54bc434ae8b31f4d5c,GBP,0,3.99,https://www.boohoo.com/rib-knit-puff-sleeve-cardigan/FZZ56826-165-30.html,en,,0,2319,boohoo,0,,,,,,0,0,,,,,https://images2.productserve.com/?w=70&h=70&bg=white&trim=5&t=letterbox&url=i1.adis.ws%2Fi%2Fboohooamplience%2Ffzz56826_stone_xl.jpg%24&feedId=2319&k=07aa1b69cc4333ef02d6ee54bc434ae8b31f4d5c,,,,female,,,,Knitwear > Cardigans,,,,,,
https://www.awin1.com/pclick.php?p=26550422363&a=512981&m=2319,"Womens Plus Fisherman Rib Oversized Boyfriend Cardigan - Black - 22, Black",26550422363,PZZ62252-105-350,https://syte-static-feed.s3.amazonaws.com/qa_bixby_gb_20200408_awin_boohoo/26550422363.jpg,"Womens Plus Fisherman Rib Oversized Boyfriend Cardigan - black - 22 - boohoo Plus You&rsquo;ll find full on fashion for the fuller figure with the boohoo Plus range. Delivering directional designs for UK sizes 16 to 24, this ultra-flattering collection combines perfectly proportioned fits with statement styles so that you can stay on top of this season&rsquo;s trends.",Women's Tops,18.0,boohoo.com UK & IE,2319,Women's Tops,204,https://images2.productserve.com/?w=200&h=200&bg=white&trim=5&t=letterbox&url=i1.adis.ws%2Fi%2Fboohooamplience%2Fpzz62252_black_xl.jpg%24&feedId=2319&k=4ca6896330c3caff2f49ba6a1d3c8af44bdcd834,GBP,0,3.99,https://www.boohoo.com/plus-fisherman-rib-oversized-boyfriend-cardigan/PZZ62252-105-350.html,en,,0,2319,boohoo,0,,,,,,0,0,,,,,https://images2.productserve.com/?w=70&h=70&bg=white&trim=5&t=letterbox&url=i1.adis.ws%2Fi%2Fboohooamplience%2Fpzz62252_black_xl.jpg%24&feedId=2319&k=4ca6896330c3caff2f49ba6a1d3c8af44bdcd834,,,,female,,,,Clothing > Knitwear > Cardigans,,,,,,
https://www.awin1.com/pclick.php?p=26550422377&a=512981&m=2319,"Womens Plus Fisherman Rib Oversized Boyfriend Cardigan - Orange - 22, Orange",26550422377,PZZ62252-152-350,https://syte-static-feed.s3.amazonaws.com/qa_bixby_gb_20200408_awin_boohoo/26550422377.jpg,"Womens Plus Fisherman Rib Oversized Boyfriend Cardigan - orange - 22 - boohoo Plus You&rsquo;ll find full on fashion for the fuller figure with the boohoo Plus range. Delivering directional designs for UK sizes 16 to 24, this ultra-flattering collection combines perfectly proportioned fits with statement styles so that you can stay on top of this season&rsquo;s trends.",Women's Tops,18.0,boohoo.com UK & IE,2319,Women's Tops,204,https://images2.productserve.com/?w=200&h=200&bg=white&trim=5&t=letterbox&url=i1.adis.ws%2Fi%2Fboohooamplience%2Fpzz62252_orange_xl.jpg%24&feedId=2319&k=0efc5a6c33999f21687b0f5e2f16bdd413f2609a,GBP,0,3.99,https://www.boohoo.com/plus-fisherman-rib-oversized-boyfriend-cardigan/PZZ62252-152-350.html,en,,0,2319,boohoo,0,,,,,,0,0,,,,,https://images2.productserve.com/?w=70&h=70&bg=white&trim=5&t=letterbox&url=i1.adis.ws%2Fi%2Fboohooamplience%2Fpzz62252_orange_xl.jpg%24&feedId=2319&k=0efc5a6c33999f21687b0f5e2f16bdd413f2609a,,,,female,,,,Clothing > Knitwear > Cardigans,,,,,,
https://www.awin1.com/pclick.php?p=26557343569&a=512981&m=2319,"V Neck Stripe Cardigan - Black - S/M, Black",26557343569,FZZ58160-105-31,https://syte-static-feed.s3.amazonaws.com/qa_bixby_gb_20200408_awin_boohoo/26557343569.jpg,V Neck Stripe Cardigan - black - S/M - V Neck Stripe Cardigan,Women's Tops,20.0,boohoo.com UK & IE,2319,Women's Tops,204,https://images2.productserve.com/?w=200&h=200&bg=white&trim=5&t=letterbox&url=i1.adis.ws%2Fi%2Fboohooamplience%2Ffzz58160_black_xl.jpg%24&feedId=2319&k=78a8ccf01285c2d23e07a84715a6d8e7542f8e60,GBP,0,3.99,https://www.boohoo.com/v-neck-stripe-cardigan/FZZ58160-105-31.html,en,,0,2319,boohoo,0,,,,,,0,0,,,,,https://images2.productserve.com/?w=70&h=70&bg=white&trim=5&t=letterbox&url=i1.adis.ws%2Fi%2Fboohooamplience%2Ffzz58160_black_xl.jpg%24&feedId=2319&k=78a8ccf01285c2d23e07a84715a6d8e7542f8e60,,,,female,,,,Knitwear > Cardigans,,,,,,
https://www.awin1.com/pclick.php?p=26557343573&a=512981&m=2319,"V Neck Stripe Cardigan - Blue - S/M, Blue",26557343573,FZZ58160-106-31,https://syte-static-feed.s3.amazonaws.com/qa_bixby_gb_20200408_awin_boohoo/26557343573.jpg,V Neck Stripe Cardigan - blue - S/M - V Neck Stripe Cardigan,Women's Tops,20.0,boohoo.com UK & IE,2319,Women's Tops,204,https://images2.productserve.com/?w=200&h=200&bg=white&trim=5&t=letterbox&url=i1.adis.ws%2Fi%2Fboohooamplience%2Ffzz58160_blue_xl.jpg%24&feedId=2319&k=3a337aa27e603104113e503696a4440af0db4884,GBP,0,3.99,https://www.boohoo.com/v-neck-stripe-cardigan/FZZ58160-106-31.html,en,,0,2319,boohoo,0,,,,,,0,0,,,,,https://images2.productserve.com/?w=70&h=70&bg=white&trim=5&t=letterbox&url=i1.adis.ws%2Fi%2Fboohooamplience%2Ffzz58160_blue_xl.jpg%24&feedId=2319&k=3a337aa27e603104113e503696a4440af0db4884,,,,female,,,,Knitwear > Cardigans,,,,,,
https://www.awin1.com/pclick.php?p=26557343577&a=512981&m=2319,"V Neck Stripe Cardigan - Purple - S/M, Purple",26557343577,FZZ58160-137-31,https://syte-static-feed.s3.amazonaws.com/qa_bixby_gb_20200408_awin_boohoo/26557343577.jpg,V Neck Stripe Cardigan - purple - S/M - V Neck Stripe Cardigan,Women's Tops,20.0,boohoo.com UK & IE,2319,Women's Tops,204,https://images2.productserve.com/?w=200&h=200&bg=white&trim=5&t=letterbox&url=i1.adis.ws%2Fi%2Fboohooamplience%2Ffzz58160_lilac_xl.jpg%24&feedId=2319&k=ee03141ddeaef44bb1194617252ce36ad5dc3405,GBP,0,3.99,https://www.boohoo.com/v-neck-stripe-cardigan/FZZ58160-137-31.html,en,,0,2319,boohoo,0,,,,,,0,0,,,,,https://images2.productserve.com/?w=70&h=70&bg=white&trim=5&t=letterbox&url=i1.adis.ws%2Fi%2Fboohooamplience%2Ffzz58160_lilac_xl.jpg%24&feedId=2319&k=ee03141ddeaef44bb1194617252ce36ad5dc3405,,,,female,,,,Knitwear > Cardigans,,,,,,
